date,open,high,low,close,volume,split_ratio,dividend
2021-04-14,386.0049,393.0746,371.8388,373.6005,29255727.0,1.0,0.0
2021-04-15,370.518,370.6276,356.1987,357.5085,21561508.0,1.0,0.0
2021-04-16,354.3792,360.4912,353.2318,359.965,1599531.0,1.0,0.0
2021-04-19,364.1186,365.1237,345.3075,346.8214,38781810.0,1.0,0.0
2021-04-20,334.6545,340.3281,331.7169,338.7698,27741577.0,1.0,0.0
2021-04-21,339.5763,342.3602,329.6789,333.8276,15201032.0,1.0,0.0
2021-04-22,334.3892,337.0411,328.1842,331.7188,42077018.0,1.0,0.0
2021-04-23,342.9842,357.2165,336.9351,356.7179,17858290.0,1.0,0.0
2021-04-26,357.598,371.0193,351.6081,365.8102,46045863.0,1.0,0.0
2021-04-27,370.9408,372.4722,357.2276,360.611,46643466.0,1.0,0.0
2021-04-28,366.8426,378.3211,357.3271,375.6632,32238871.0,1.0,0.0
2021-04-29,386.3966,395.6931,385.4682,393.8111,17995560.0,1.0,0.0
2021-04-30,376.3452,391.76,372.4784,390.2636,21938458.0,1.0,0.0
2021-05-03,369.0504,377.4724,364.3888,376.5111,27110265.0,1.0,0.0
2021-05-04,393.1475,394.8475,381.6803,384.7628,3033931.0,1.0,0.0
2021-05-05,383.6245,403.5969,381.5259,398.3878,11602290.0,1.0,0.0
2021-05-06,400.8964,403.4045,398.057,400.8972,25831503.0,1.0,0.0
2021-05-07,400.6223,408.4708,386.9375,394.6172,3805620.0,1.0,0.0
2021-05-10,399.9754,402.8211,396.5972,397.9885,28328029.0,1.0,0.0
2021-05-11,407.5823,427.4319,398.8322,427.2613,41482751.0,1.0,0.0
2021-05-12,444.8455,467.111,439.1963,454.7588,5132964.0,1.0,0.0
2021-05-13,449.0401,450.5324,421.2937,428.8243,6794710.0,1.0,0.0
2021-05-14,436.9412,439.9646,435.7689,439.4925,3651828.0,1.0,0.0
2021-05-17,453.6477,472.1893,449.8428,471.1301,6720387.0,1.0,0.0
2021-05-18,490.929,500.6757,489.3885,496.1373,5329186.0,1.0,0.0
2021-05-19,493.3106,498.4024,483.2127,483.2345,23777957.0,1.0,0.0
2021-05-20,475.6935,484.8645,470.3161,477.3749,19846350.0,1.0,0.0
2021-05-21,472.7882,474.3891,458.0539,459.9173,41520681.0,1.0,0.0
2021-05-24,452.7118,455.5816,446.4252,447.6618,19632278.0,1.0,0.0
2021-05-25,464.5069,476.2324,462.2934,466.0362,20521255.0,1.0,0.0
2021-05-26,470.7935,482.3858,467.9187,480.0641,9553724.0,1.0,0.0
2021-05-27,468.6371,469.475,467.9102,468.366,24125259.0,1.0,0.0
2021-05-28,476.1853,477.6347,474.6747,474.7065,46392656.0,1.0,0.0
2021-06-01,470.9638,473.7672,462.9729,466.7756,29251751.0,1.0,0.0
2021-06-02,469.0965,473.4697,464.8648,472.7187,15438437.0,1.0,0.0
2021-06-03,460.7865,482.227,455.3297,480.2606,33456648.0,1.0,0.0
2021-06-04,479.7584,485.8996,474.8122,481.8192,17537825.0,1.0,0.0
2021-06-07,482.207,517.9225,480.3037,511.8145,4290307.0,1.0,0.0
2021-06-08,514.3252,538.0858,510.2184,530.9406,7218621.0,1.0,0.0
2021-06-09,520.9427,524.9086,518.1647,522.7634,16166610.0,1.0,0.0
2021-06-10,524.9052,526.8512,514.7192,519.1436,24822432.0,1.0,0.0
2021-06-11,504.8686,506.1065,500.0505,502.9081,30763780.0,1.0,0.0
2021-06-14,523.242,529.4191,516.0822,519.932,33087464.0,1.0,0.0
2021-06-15,529.7558,540.0951,517.5172,538.6141,21093747.0,1.0,0.0
2021-06-16,536.8286,556.4887,529.3984,555.1391,9484542.0,1.0,0.0
2021-06-17,574.8901,603.7156,571.2431,599.7104,34473804.0,1.0,0.0
2021-06-18,611.2771,635.133,604.7419,630.7857,11198619.0,1.0,0.0
2021-06-21,633.7733,635.693,626.3411,628.9341,8688302.0,1.0,0.0
2021-06-22,627.576,631.1754,610.6659,617.503,11082280.0,1.0,0.0
2021-06-23,601.484,608.5598,597.0961,604.2563,49221259.0,1.0,0.0
2021-06-24,595.1917,595.9489,574.1393,580.108,3781187.0,1.0,0.0
2021-06-25,600.621,642.0828,593.5459,625.2308,12324370.0,1.0,0.0
2021-06-28,639.9798,640.0063,623.9968,625.1967,47545316.0,1.0,0.0
2021-06-29,615.9618,616.9386,604.5034,607.2731,31408291.0,1.0,0.0
2021-06-30,604.9992,609.508,590.1379,599.4607,3139898.0,1.0,0.0
2021-07-01,590.4603,609.3922,590.0764,603.296,7337268.0,1.0,0.0
2021-07-02,579.1635,602.4128,577.8339,586.4718,47785756.0,1.0,0.0
2021-07-06,577.8484,587.7829,570.41,580.2846,41201636.0,1.0,0.0
2021-07-07,570.7054,571.9967,555.109,565.3394,9374727.0,1.0,0.0
2021-07-08,559.3155,566.2254,545.2422,551.2347,7681352.0,1.0,0.0
2021-07-09,552.0599,553.0957,522.496,524.4212,4713863.0,1.0,0.0
2021-07-12,527.6354,542.5883,514.2831,537.2379,37793047.0,1.0,0.0
2021-07-13,551.9631,552.0849,537.9842,542.3802,39146794.0,1.0,0.0
2021-07-14,525.1364,525.4673,499.9751,503.8729,21613747.0,1.0,0.0
2021-07-15,516.9171,532.7279,516.0078,522.9969,3303376.0,1.0,0.0
2021-07-16,519.3087,521.9291,504.1907,509.3893,24068810.0,1.0,0.0
2021-07-19,535.0894,537.4902,523.6414,529.2923,28242843.0,1.0,0.0
2021-07-20,542.065,555.488,541.6818,549.7311,12896160.0,1.0,0.0
2021-07-21,555.5713,607.8601,554.4065,604.4226,18162056.0,1.0,0.0
2021-07-22,638.8399,648.3295,636.3504,641.1544,31774446.0,1.0,0.0
2021-07-23,620.8452,624.8507,600.0739,604.4642,47251547.0,1.0,0.0
2021-07-26,617.7485,625.0549,610.7186,613.2397,19319238.0,1.0,0.0
2021-07-27,584.8804,595.3311,563.1291,568.4925,10310192.0,1.0,0.0
2021-07-28,565.7626,565.9269,554.6426,560.6982,4129121.0,1.0,0.0
2021-07-29,543.9935,554.2458,527.1595,532.3882,13353877.0,1.0,0.0
2021-07-30,510.7963,522.4377,510.5602,521.7018,38552776.0,1.0,0.0
2021-08-02,554.0893,561.6538,552.4796,559.3078,7211532.0,1.0,0.0
2021-08-03,577.4472,587.9382,574.5459,586.6849,30040543.0,1.0,0.0
2021-08-04,551.5268,552.3255,515.0031,522.0871,4167235.0,1.0,0.0
2021-08-05,526.1362,531.679,525.3111,525.7951,4053962.0,1.0,0.0
2021-08-06,511.0831,517.0282,492.6255,495.5229,19875984.0,1.0,0.0
2021-08-09,521.7264,524.8588,518.1212,523.7053,7025194.0,1.0,0.0
2021-08-10,505.2115,507.8798,496.8119,501.7914,26690507.0,1.0,0.0
2021-08-11,503.8315,505.8634,501.7281,504.2379,39216588.0,1.0,0.0
2021-08-12,493.0022,496.3623,487.3113,492.6968,7172769.0,1.0,0.0
2021-08-13,494.7964,495.6147,478.4651,482.1105,8607110.0,1.0,0.0
2021-08-16,477.6955,492.2489,475.397,487.7161,15356414.0,1.0,0.0
2021-08-17,507.101,518.23,502.5763,515.7447,30643363.0,1.0,0.0
2021-08-18,514.3374,514.5296,508.1257,513.5798,40372505.0,1.0,0.0
2021-08-19,521.2573,525.7157,516.6876,520.6062,6252120.0,1.0,0.0
2021-08-20,535.8017,537.8212,516.9898,524.0483,20631550.0,1.0,0.0
2021-08-23,526.337,533.7737,522.4979,526.8418,26885245.0,1.0,0.0
2021-08-24,534.3026,555.3036,532.0415,554.7708,5990902.0,1.0,0.0
2021-08-25,545.513,547.4036,527.0766,532.7462,23963275.0,1.0,0.0
2021-08-26,564.0675,576.5075,560.4286,569.0218,31333303.0,1.0,0.0
2021-08-27,577.378,580.1399,564.5687,566.973,15957884.0,1.0,0.0
2021-08-30,539.1092,552.7559,504.76,507.2973,41227954.0,1.0,0.0
2021-08-31,521.6894,524.415,498.3541,500.2121,48057870.0,1.0,0.0
2021-09-01,516.2744,520.2511,512.5388,514.8158,49391669.0,1.0,0.0
2021-09-02,507.2533,530.1638,503.2213,529.1081,39697988.0,1.0,0.0
2021-09-03,531.3382,539.0924,525.2087,526.805,31455933.0,1.0,0.0
2021-09-07,516.7648,517.9312,492.5237,498.8814,1883595.0,1.0,0.0
2021-09-08,494.3088,496.4615,487.5558,495.3383,33151949.0,1.0,0.0
2021-09-09,501.3264,506.1739,473.246,483.0811,5696743.0,1.0,0.0
2021-09-10,471.9794,473.9725,465.738,466.9049,23121330.0,1.0,0.0
2021-09-13,463.8191,466.0662,463.417,465.6252,49905494.0,1.0,0.0
2021-09-14,452.8907,453.6561,447.6518,448.7399,49127654.0,1.0,0.0
2021-09-15,434.153,440.6789,432.4937,435.5744,14846177.0,1.0,0.0
2021-09-16,441.5148,443.615,434.1659,442.0293,21389242.0,1.0,0.0
2021-09-17,411.1828,433.5078,405.2611,429.0171,10395685.0,1.0,0.0
2021-09-20,469.643,470.2212,460.8226,467.202,46126461.0,1.0,0.0
2021-09-21,466.7948,471.7723,464.2041,470.5491,15045050.0,1.0,0.0
2021-09-22,438.3971,441.9466,415.9819,422.5511,39629277.0,1.0,0.0
2021-09-23,410.7561,416.7324,408.0671,416.1664,14451688.0,1.0,0.0
2021-09-24,430.3755,447.2939,425.865,439.4184,42410325.0,1.0,0.0
2021-09-27,428.6396,441.5829,421.0847,439.0059,49366913.0,1.0,0.0
2021-09-28,448.9483,449.9719,447.6496,448.7233,27242639.0,1.0,0.0
2021-09-29,436.8734,457.4324,432.3055,453.6035,17704533.0,1.0,0.0
2021-09-30,452.0654,455.2411,435.6352,436.6235,45499180.0,1.0,0.0
2021-10-01,438.7897,440.3147,424.1965,431.0176,37534693.0,1.0,0.0
2021-10-04,456.7176,487.8663,455.38,477.3337,37845727.0,1.0,0.0
2021-10-05,477.4893,478.8727,472.2613,472.4951,5003475.0,1.0,0.0
2021-10-06,482.0818,487.2348,465.891,466.4943,24595858.0,1.0,0.0
2021-10-07,469.3365,472.381,461.3836,461.5394,8478261.0,1.0,0.0
2021-10-08,463.9178,464.6534,446.508,448.7609,29247369.0,1.0,0.0
2021-10-11,436.0251,443.1012,432.2221,436.9221,5869508.0,1.0,0.0
2021-10-12,436.0999,451.949,432.709,448.7814,26716244.0,1.0,0.0
2021-10-13,441.8269,466.0682,439.4405,459.0627,21448908.0,1.0,0.0
2021-10-14,457.7686,469.7379,457.5468,464.4944,40060969.0,1.0,0.0
2021-10-15,475.369,487.696,467.9367,483.703,7550263.0,1.0,0.0
2021-10-18,455.1714,457.4568,427.387,437.9255,13426686.0,1.0,0.0
2021-10-19,458.0793,476.1028,450.0954,475.8022,9469516.0,1.0,0.0
2021-10-20,471.269,473.6295,464.1925,465.0685,14249314.0,1.0,0.0
2021-10-21,454.7241,475.147,448.4253,465.4953,24971426.0,1.0,0.0
2021-10-22,484.558,494.2076,467.2582,469.9694,5183599.0,1.0,0.0
2021-10-25,463.0151,481.0447,440.3507,441.7539,22644691.0,1.0,0.0
2021-10-26,442.0249,449.0081,428.2731,440.0242,33422167.0,1.0,0.0
2021-10-27,439.6427,451.8666,439.3397,449.5544,43580101.0,1.0,0.0
2021-10-28,448.035,463.357,444.4138,454.7953,33367608.0,1.0,0.0
2021-10-29,441.2947,445.187,440.1721,442.7855,2961220.0,1.0,0.0
2021-11-01,445.2385,457.1785,443.4528,453.5205,32379340.0,1.0,0.0
2021-11-02,444.2601,451.0873,437.0159,438.0715,20844622.0,1.0,0.0
2021-11-03,445.8327,446.6812,428.4468,429.6763,11808653.0,1.0,0.0
2021-11-04,432.0219,437.9945,421.3134,427.8855,12578049.0,1.0,0.0
2021-11-05,431.4632,440.6592,426.0545,427.4092,14088844.0,1.0,0.0
2021-11-08,449.2517,449.6455,433.4091,441.4311,9178613.0,1.0,0.0
2021-11-09,430.839,445.1967,425.5529,441.6703,45195342.0,1.0,0.0
2021-11-10,443.9142,449.6926,434.9695,438.27,42701915.0,1.0,0.0
2021-11-11,437.338,442.6467,435.2492,441.7236,5134520.0,1.0,0.0
2021-11-12,438.5759,441.142,432.3263,439.4909,12434570.0,1.0,0.0
2021-11-15,451.5247,455.0582,443.2196,452.9307,48103354.0,1.0,0.0
2021-11-16,446.3717,450.6679,445.3891,447.3574,28199310.0,1.0,0.0
2021-11-17,440.9809,449.0612,424.9517,426.9895,43489235.0,1.0,0.0
2021-11-18,426.7098,441.3565,420.1986,440.9333,25989406.0,1.0,0.0
2021-11-19,451.3123,485.6436,451.089,477.0023,46295984.0,1.0,0.0
2021-11-22,472.4727,474.8088,470.7363,471.2943,28993841.0,1.0,0.0
2021-11-23,464.2584,467.7672,441.4312,452.9923,45946963.0,1.0,0.0
2021-11-24,417.2508,426.1,417.1248,423.8628,14504368.0,1.0,0.0
2021-11-26,412.6124,454.1663,411.6305,451.2294,27026330.0,1.0,0.0
2021-11-29,439.2496,443.8078,436.6228,441.3282,13706684.0,1.0,0.0
2021-11-30,444.7566,445.1619,424.1422,430.7136,7767687.0,1.0,0.0
2021-12-01,454.1153,475.5272,450.6163,467.8969,36501088.0,1.0,0.0
2021-12-02,486.3789,505.6298,476.3197,505.5092,19950697.0,1.0,0.0
2021-12-03,491.2406,522.6979,487.1178,517.609,16918622.0,1.0,0.0
2021-12-06,511.1523,511.7035,506.1688,510.8249,17419328.0,1.0,0.0
2021-12-07,494.4174,506.0841,488.0985,502.6545,33720363.0,1.0,0.0
2021-12-08,505.286,510.8019,476.4361,477.8072,15910295.0,1.0,0.0
2021-12-09,469.9746,471.0059,457.3999,460.9992,25669582.0,1.0,0.0
2021-12-10,467.0007,470.6746,442.3483,452.9085,18972626.0,1.0,0.0
2021-12-13,465.0228,467.6411,459.7182,464.7815,40216549.0,1.0,0.0
2021-12-14,456.0082,456.3937,450.2639,450.8836,24160681.0,1.0,0.0
2021-12-15,452.7705,468.1483,447.0454,467.6078,5376621.0,1.0,0.0
2021-12-16,463.5622,469.8346,462.3518,468.0919,21777103.0,1.0,0.0
2021-12-17,475.3393,488.9498,473.8561,477.6807,4880841.0,1.0,0.0
2021-12-20,472.9819,490.5556,470.7043,486.5995,47475853.0,1.0,0.0
2021-12-21,477.5916,501.4828,471.7911,494.5425,18670459.0,1.0,0.0
2021-12-22,485.7092,491.6071,469.1165,475.7531,24228685.0,1.0,0.0
2021-12-23,473.5589,476.6395,462.9022,463.3642,30197702.0,1.0,0.0
2021-12-27,459.3676,480.4538,449.0098,475.1949,38309029.0,1.0,0.0
2021-12-28,478.762,482.0868,473.3689,473.4945,7680100.0,1.0,0.0
2021-12-29,463.094,464.1602,459.438,462.3065,2080078.0,1.0,0.0
2021-12-30,473.4777,478.4872,464.3375,473.4387,26488606.0,1.0,0.0
2021-12-31,477.3307,481.8723,474.6932,480.7597,34692959.0,1.0,0.0
2022-01-03,470.2144,485.7766,470.0364,481.4653,42298190.0,1.0,0.0
2022-01-04,487.7069,509.054,484.3366,501.5349,6960089.0,1.0,0.0
2022-01-05,504.4492,521.0477,501.0811,520.5963,46387170.0,1.0,0.0
2022-01-06,526.6446,528.5223,497.6714,503.2065,8931390.0,1.0,0.0
2022-01-07,517.1614,518.0874,491.5972,503.5619,20202971.0,1.0,0.0
2022-01-10,506.9595,508.2026,490.3132,491.7114,14420996.0,1.0,0.0
2022-01-11,499.9808,506.0562,450.9422,455.8123,37420776.0,1.0,0.0
2022-01-12,456.5882,457.9725,444.3406,450.5059,49504760.0,1.0,0.0
2022-01-13,445.0692,445.7011,436.3822,442.5775,31470212.0,1.0,0.0
2022-01-14,451.7351,454.3792,441.6484,443.6403,16572317.0,1.0,0.0
2022-01-18,443.1227,451.3371,440.7489,447.0243,26130445.0,1.0,0.0
2022-01-19,445.6621,459.2307,442.9268,455.4822,41542689.0,1.0,0.0
2022-01-20,452.7868,455.1485,452.5827,453.1223,39664463.0,1.0,0.0
2022-01-21,457.021,465.8644,431.0207,436.9705,13206737.0,1.0,0.0
2022-01-24,437.458,438.2163,430.763,431.2546,43679740.0,1.0,0.0
2022-01-25,426.5714,436.3326,416.7847,417.0146,26976565.0,1.0,0.0
2022-01-26,416.6044,423.9171,404.3501,409.3981,16953761.0,1.0,0.0
2022-01-27,410.3816,411.0288,387.159,387.5854,2495776.0,1.0,0.0
2022-01-28,386.3549,393.079,381.7387,392.8119,1992836.0,1.0,0.0
2022-01-31,391.0294,393.0933,380.8919,392.669,21662068.0,1.0,0.0
2022-02-01,393.202,398.6134,383.9186,386.6808,35257316.0,1.0,0.0
2022-02-02,380.2106,397.8611,379.0883,391.2412,7600205.0,1.0,0.0
2022-02-03,378.0967,379.7473,364.9709,365.0095,23505033.0,1.0,0.0
2022-02-04,360.1894,382.4597,358.0366,374.8175,20739013.0,1.0,0.0
2022-02-07,363.7439,365.6674,343.154,351.4077,36093639.0,1.0,0.0
2022-02-08,333.9505,334.6325,317.0891,321.4961,23346672.0,1.0,0.0
2022-02-09,331.7665,336.7954,328.4277,332.7022,25530198.0,1.0,0.0
2022-02-10,323.6724,334.4165,320.683,333.2104,13076068.0,1.0,0.0
2022-02-11,323.1861,327.6887,295.9453,302.4348,32174599.0,1.0,0.0
2022-02-14,304.9694,307.1545,298.5576,301.4502,23081876.0,1.0,0.0
2022-02-15,299.1681,302.0269,296.2281,300.2268,40173874.0,1.0,0.0
2022-02-16,301.0281,314.347,297.4888,308.5273,1618305.0,1.0,0.0
2022-02-17,309.8281,314.6429,306.9314,312.8714,43963474.0,1.0,0.0
2022-02-18,308.2817,315.8717,304.1435,315.1868,14618631.0,1.0,0.0
2022-02-22,311.3103,322.8056,308.4166,321.2582,46928246.0,1.0,0.0
2022-02-23,327.4749,328.9458,321.2374,325.4558,40717509.0,1.0,0.0
2022-02-24,323.5642,327.8444,311.7731,312.9851,4626709.0,1.0,0.0
2022-02-25,314.0434,321.3369,313.4977,315.5197,20851125.0,1.0,0.0
2022-02-28,324.4669,328.7533,323.8792,327.7025,47838476.0,1.0,0.0
2022-03-01,328.5778,330.7411,315.0196,321.0034,48267282.0,1.0,0.0
2022-03-02,323.3031,330.595,321.8111,329.4254,18201534.0,1.0,0.0
2022-03-03,335.4194,338.8466,325.1111,328.4467,45185808.0,1.0,0.0
2022-03-04,316.6162,333.7729,309.0339,332.548,8334566.0,1.0,0.0
2022-03-07,332.7741,333.5392,329.8126,330.8618,35652848.0,1.0,0.0
2022-03-08,336.2279,336.9576,325.3832,327.7298,40886922.0,1.0,0.0
2022-03-09,332.3279,338.7475,330.3641,332.5324,44728427.0,1.0,0.0
2022-03-10,338.8616,339.3698,333.9298,335.7145,42202185.0,1.0,0.0
2022-03-11,337.4739,340.2376,330.6045,339.0868,44538823.0,1.0,0.0
2022-03-14,340.2794,343.3308,329.6463,333.3228,4338664.0,1.0,0.0
2022-03-15,321.4599,332.9473,314.9238,324.7646,11770747.0,1.0,0.0
2022-03-16,326.3145,326.5127,321.7929,325.8569,3960620.0,1.0,0.0
2022-03-17,317.9846,325.8475,316.9335,321.1666,18231645.0,1.0,0.0
2022-03-18,327.5636,329.7764,320.6696,323.4713,25851283.0,1.0,0.0
2022-03-21,328.8775,332.7168,325.558,329.3489,18526813.0,1.0,0.0
2022-03-22,320.9252,323.434,298.2213,301.3846,38821412.0,1.0,0.0
2022-03-23,306.6511,309.1424,299.7063,299.8871,19511503.0,1.0,0.0
2022-03-24,298.0356,298.6184,289.2014,290.7331,32369056.0,1.0,0.0
2022-03-25,285.954,286.5903,280.8103,281.878,41082039.0,1.0,0.0
2022-03-28,291.0235,294.3323,289.6981,293.4258,25280221.0,1.0,0.0
2022-03-29,288.7505,300.9038,284.6238,297.5194,35142378.0,1.0,0.0
2022-03-30,293.503,303.1029,290.2783,299.992,32680930.0,1.0,0.0
2022-03-31,300.2466,310.9465,298.0074,305.3837,31493448.0,1.0,0.0
2022-04-01,305.6843,306.7593,298.8042,302.2489,14612752.0,1.0,0.0
2022-04-04,301.6129,306.3101,300.9812,303.5855,17419286.0,1.0,0.0
2022-04-05,301.9654,307.2655,298.0884,305.8862,4136090.0,1.0,0.0
2022-04-06,306.2061,306.4119,302.3612,303.2819,19204304.0,1.0,0.0
2022-04-07,305.8031,309.904,302.1039,307.5044,17388105.0,1.0,0.0
2022-04-08,318.9925,320.1063,310.2282,314.1271,49560632.0,1.0,0.0
2022-04-11,311.1331,320.8559,310.9754,319.3977,27587873.0,1.0,0.0
2022-04-12,322.0857,330.2503,320.4479,328.1433,44024585.0,1.0,0.0
2022-04-13,330.8657,340.6331,325.3635,336.947,44041905.0,1.0,0.0
2022-04-14,333.6012,338.7313,328.5815,335.6014,42967809.0,1.0,0.0
2022-04-18,333.5305,335.6482,325.9406,332.2978,3072031.0,1.0,0.0
2022-04-19,336.3205,339.3162,322.5978,324.0055,38010911.0,1.0,0.0
2022-04-20,323.846,330.9688,321.5093,325.3815,9546873.0,1.0,0.0
2022-04-21,315.9407,318.2506,306.7518,309.1612,25232628.0,1.0,0.0
2022-04-22,310.2465,311.023,300.1372,301.1928,8323491.0,1.0,0.0
2022-04-25,306.0893,325.353,304.712,322.6727,15005366.0,1.0,0.0
2022-04-26,315.9338,316.4709,303.8835,306.958,17883571.0,1.0,0.0
2022-04-27,304.4134,304.9735,297.9058,299.4437,3341310.0,1.0,0.0
2022-04-28,289.1194,290.3857,286.998,288.2967,28517173.0,1.0,0.0
2022-04-29,287.8651,292.7114,285.4853,291.5169,34284802.0,1.0,0.0
2022-05-02,279.0004,279.5544,270.2676,272.2494,18293641.0,1.0,0.0
2022-05-03,272.5704,278.4999,270.1893,274.315,26088768.0,1.0,0.0
2022-05-04,269.7965,279.6926,269.1261,277.6625,49906821.0,1.0,0.0
2022-05-05,277.9629,281.7363,275.8564,278.675,45042911.0,1.0,0.0
2022-05-06,273.9417,275.5386,265.7787,267.203,31018095.0,1.0,0.0
2022-05-09,271.6573,279.7247,270.5152,278.3025,9214704.0,1.0,0.0
2022-05-10,270.786,273.5531,264.932,267.784,16547065.0,1.0,0.0
2022-05-11,271.4675,273.4565,269.0385,273.4267,33657257.0,1.0,0.0
2022-05-12,270.8986,280.1834,270.3602,275.0024,44095396.0,1.0,0.0
2022-05-13,278.3201,281.8847,277.5943,281.5243,15046746.0,1.0,0.0
2022-05-16,274.8546,276.1635,273.1262,273.2514,28228431.0,1.0,0.0
2022-05-17,276.0729,277.6081,262.6099,267.1943,16494192.0,1.0,0.0
2022-05-18,261.3688,262.0947,259.6784,261.3259,27918717.0,1.0,0.0
2022-05-19,262.3677,264.0774,249.308,255.4624,7246665.0,1.0,0.0
2022-05-20,247.5207,258.0461,244.0138,256.4727,17044535.0,1.0,0.0
2022-05-23,261.0184,264.2444,260.3131,262.7561,18728936.0,1.0,0.0
2022-05-24,257.4621,261.2508,251.6739,255.7018,13548322.0,1.0,0.0
2022-05-25,254.4492,256.1069,249.5307,249.8487,24657409.0,1.0,0.0
2022-05-26,249.6417,258.0081,245.729,256.2268,21480446.0,1.0,0.0
2022-05-27,250.4375,251.859,246.0536,248.8937,29618160.0,1.0,0.0
2022-05-31,252.9691,256.0019,243.2124,246.0719,47727399.0,1.0,0.0
2022-06-01,243.4096,246.7505,242.3558,244.5501,11248240.0,1.0,0.0
2022-06-02,245.3095,263.6218,244.9796,257.8797,10290181.0,1.0,0.0
2022-06-03,262.4015,271.6126,261.3511,271.0504,36064544.0,1.0,0.0
2022-06-06,279.3552,290.5905,278.8228,290.0141,49058204.0,1.0,0.0
2022-06-07,289.0109,295.205,279.42,279.6332,21353052.0,1.0,0.0
2022-06-08,280.8482,283.574,275.0458,279.5663,41189676.0,1.0,0.0
2022-06-09,285.0838,286.825,284.5104,285.2697,1362675.0,1.0,0.0
2022-06-10,289.1616,301.4289,286.9568,299.2017,31565768.0,1.0,0.0
2022-06-13,296.5585,299.4172,279.3491,281.7708,34746215.0,1.0,0.0
2022-06-14,284.4634,285.3271,275.768,276.1006,4195537.0,1.0,0.0
2022-06-15,273.8059,274.6721,272.7189,272.8795,43277795.0,1.0,0.0
2022-06-16,280.8156,286.6485,265.5666,267.1242,37184839.0,1.0,0.0
2022-06-17,294.1714,296.1428,288.4518,290.1595,5432731.0,1.0,0.0
2022-06-21,307.1879,311.8835,303.073,308.2645,27926462.0,1.0,0.0
2022-06-22,308.8343,309.4967,299.8414,306.1776,13738466.0,1.0,0.0
2022-06-23,307.6777,317.0225,305.2596,315.2808,25879414.0,1.0,0.0
2022-06-24,311.7131,326.8041,308.836,319.8269,5642295.0,1.0,0.0
2022-06-27,322.4408,326.2036,319.2641,320.1948,28851147.0,1.0,0.0
2022-06-28,316.3344,317.378,308.5021,313.8481,19896737.0,1.0,0.0
2022-06-29,314.7383,323.5772,313.0595,322.4712,31224209.0,1.0,0.0
2022-06-30,324.6954,327.5261,320.7374,325.7041,2670364.0,1.0,0.0
2022-07-01,326.3727,331.4839,324.4063,327.9318,25392661.0,1.0,0.0
2022-07-05,317.2157,322.7994,315.2201,321.4343,33331631.0,1.0,0.0
2022-07-06,324.3463,328.2424,316.039,317.4918,41731320.0,1.0,0.0
2022-07-07,315.6124,329.9218,314.3101,328.3483,5557901.0,1.0,0.0
2022-07-08,326.2069,329.595,325.783,327.1199,36413722.0,1.0,0.0
2022-07-11,345.0455,348.6122,340.7264,342.0818,38431261.0,1.0,0.0
2022-07-12,331.5902,333.3496,329.2613,331.1295,23371392.0,1.0,0.0
2022-07-13,340.1637,343.6476,339.8457,342.063,27707675.0,1.0,0.0
2022-07-14,340.1127,346.5356,338.7979,342.5124,40598145.0,1.0,0.0
2022-07-15,333.301,334.6038,327.9638,332.3525,26882299.0,1.0,0.0
2022-07-18,352.2626,353.2495,350.3289,351.0759,40430086.0,1.0,0.0
2022-07-19,348.0739,360.0931,347.3157,356.4564,47137698.0,1.0,0.0
2022-07-20,357.5592,362.0205,353.6599,355.3105,31351070.0,1.0,0.0
2022-07-21,366.2973,373.6137,365.2293,369.7716,22879763.0,1.0,0.0
2022-07-22,368.7625,373.9987,354.5559,357.6936,41826409.0,1.0,0.0
2022-07-25,367.9065,370.427,365.184,366.0806,4106570.0,1.0,0.0
2022-07-26,342.9854,349.4422,319.5375,325.8958,26467483.0,1.0,0.0
2022-07-27,329.8548,331.2183,324.3997,325.7356,31931680.0,1.0,0.0
2022-07-28,325.0942,329.6434,320.0578,327.6742,11269893.0,1.0,0.0
2022-07-29,300.7207,308.2877,300.4981,307.9244,33658630.0,1.0,0.0
2022-08-01,288.5827,295.5551,285.6564,289.0726,26626432.0,1.0,0.0
2022-08-02,295.5148,295.667,287.4391,291.9034,5103411.0,1.0,0.0
2022-08-03,295.3702,317.8168,291.8054,314.9546,32155633.0,1.0,0.0
2022-08-04,314.8289,319.1262,309.6373,312.5642,5952001.0,1.0,0.0
2022-08-05,308.9739,309.9634,295.6529,296.5466,29932612.0,1.0,0.0
2022-08-08,298.5769,307.4978,294.1642,295.531,14534755.0,1.0,0.0
2022-08-09,301.7759,302.4741,287.076,288.6182,46965422.0,1.0,0.0
2022-08-10,287.8584,288.382,285.038,285.7515,19274460.0,1.0,0.0
2022-08-11,288.3861,294.1082,267.7749,271.9057,16148820.0,1.0,0.0
2022-08-12,275.1822,277.519,272.3476,272.3598,43626912.0,1.0,0.0
2022-08-15,292.6188,295.3297,275.2737,279.4978,44400962.0,1.0,0.0
2022-08-16,275.7829,286.5618,273.2595,285.0852,43608418.0,1.0,0.0
2022-08-17,281.1065,282.1397,278.0224,278.2921,12392574.0,1.0,0.0
2022-08-18,281.9859,284.672,275.2675,278.3907,11546806.0,1.0,0.0
2022-08-19,268.2652,274.8904,265.1743,273.3201,29928196.0,1.0,0.0
2022-08-22,270.444,273.8023,261.9902,265.8169,23791203.0,1.0,0.0
2022-08-23,262.0393,276.3852,260.5145,275.3704,2638656.0,1.0,0.0
2022-08-24,264.0673,267.5497,261.5056,265.6505,38467383.0,1.0,0.0
2022-08-25,261.3327,264.3159,252.8496,255.2152,14537445.0,1.0,0.0
2022-08-26,256.3227,258.6312,255.3828,257.1383,21836372.0,1.0,0.0
2022-08-29,259.5002,261.9527,255.1572,258.894,16106715.0,1.0,0.0
2022-08-30,269.9419,270.2298,266.4287,269.4507,31952932.0,1.0,0.0
2022-08-31,266.5403,267.3816,259.4609,263.6331,30116244.0,1.0,0.0
2022-09-01,277.1891,282.6837,274.5139,281.3206,15394149.0,1.0,0.0
2022-09-02,279.3314,292.1987,278.0783,289.6942,6932242.0,1.0,0.0
2022-09-06,288.8852,302.0011,285.5454,300.7104,46436669.0,1.0,0.0
2022-09-07,304.4902,306.2622,298.7443,302.7099,13615864.0,1.0,0.0
2022-09-08,302.5336,308.2886,297.9149,308.1944,3949564.0,1.0,0.0
2022-09-09,312.3092,314.4251,306.3455,312.1151,5303922.0,1.0,0.0
2022-09-12,312.4606,313.1657,307.1446,309.1482,46058409.0,1.0,0.0
2022-09-13,313.7945,314.2268,296.3841,297.2859,49275053.0,1.0,0.0
2022-09-14,293.195,294.4478,290.0869,290.9195,6376111.0,1.0,0.0
2022-09-15,283.8467,288.3104,274.9868,276.079,44680595.0,1.0,0.0
2022-09-16,264.3522,265.1929,255.6825,257.9089,10523149.0,1.0,0.0
2022-09-19,256.7215,257.9229,252.5966,253.1437,25174354.0,1.0,0.0
2022-09-20,251.0767,252.2209,243.0023,244.5417,17217512.0,1.0,0.0
2022-09-21,239.5244,242.7328,234.9425,237.2333,47020654.0,1.0,0.0
2022-09-22,239.657,240.2849,237.3,237.7701,24287156.0,1.0,0.0
2022-09-23,241.4096,243.8168,219.9615,222.8491,10119509.0,1.0,0.0
2022-09-26,228.7475,229.7448,215.8066,217.04,37506545.0,1.0,0.0
2022-09-27,219.793,227.1874,218.6165,225.4228,30349096.0,1.0,0.0
2022-09-28,224.3583,224.8934,210.0978,210.5709,21975254.0,1.0,0.0
2022-09-29,199.8545,204.9448,199.2772,201.0887,6659632.0,1.0,0.0
2022-09-30,193.7216,193.7941,189.1982,191.8768,13317238.0,1.0,0.0
2022-10-03,198.6163,200.1467,191.7135,193.7145,42550603.0,1.0,0.0
2022-10-04,192.4161,194.3355,188.1669,188.4711,41236400.0,1.0,0.0
2022-10-05,189.0928,190.4561,186.4504,189.1262,44321275.0,1.0,0.0
2022-10-06,188.9524,195.3128,186.0652,194.9819,45356005.0,1.0,0.0
2022-10-07,198.9138,202.6489,195.2729,202.3164,18980489.0,1.0,0.0
2022-10-10,203.5137,205.7131,202.0817,204.4772,26328201.0,1.0,0.0
2022-10-11,202.7072,202.9047,197.7039,199.0763,40880503.0,1.0,0.0
2022-10-12,196.0994,198.5907,195.3458,198.5223,41210044.0,1.0,0.0
2022-10-13,191.5001,197.725,189.3924,196.8516,23657418.0,1.0,0.0
2022-10-14,186.7401,187.4318,184.3737,186.8234,34240027.0,1.0,0.0
2022-10-17,188.4677,192.3414,186.6344,191.5092,2844673.0,1.0,0.0
2022-10-18,202.5569,203.8957,196.9247,198.6938,46387343.0,1.0,0.0
2022-10-19,197.3916,202.6036,196.5239,201.3288,10053434.0,1.0,0.0
2022-10-20,206.9005,211.5836,203.3565,210.9092,38453506.0,1.0,0.0
2022-10-21,206.869,206.9282,204.6796,204.7419,45343017.0,1.0,0.0
2022-10-24,203.2325,204.7365,187.1878,187.601,30048684.0,1.0,0.0
2022-10-25,185.2664,185.7309,180.4998,181.4825,15694220.0,1.0,0.0
2022-10-26,179.7741,180.5779,178.3971,178.4811,39665260.0,1.0,0.0
2022-10-27,157.9782,158.5336,154.43,154.8908,28815886.0,1.0,0.0
2022-10-28,151.5957,154.2956,151.3893,152.7772,37417007.0,1.0,0.0
2022-10-31,153.3589,153.952,151.6834,152.0071,39572311.0,1.0,0.0
2022-11-01,145.0758,145.2774,142.7287,143.2465,33088391.0,1.0,0.0
2022-11-02,143.372,143.6352,137.0002,138.0516,43124879.0,1.0,0.0
2022-11-03,139.9152,142.0326,134.8789,137.9047,32016302.0,1.0,0.0
2022-11-04,143.0075,144.0516,142.2192,143.1437,20814352.0,1.0,0.0
2022-11-07,137.149,144.2808,136.6481,143.5804,22538437.0,1.0,0.0
2022-11-08,140.5147,141.4474,138.0417,138.8338,22771555.0,1.0,0.0
2022-11-09,140.5112,141.9256,137.7614,138.5363,23034928.0,1.0,0.0
2022-11-10,140.5841,140.7037,137.2031,137.9751,30676727.0,1.0,0.0
2022-11-11,141.0554,143.0741,133.7525,135.7022,36526410.0,1.0,0.0
2022-11-14,135.0729,137.5532,131.7971,132.5221,21204758.0,1.0,0.0
2022-11-15,132.2828,133.5884,131.7393,132.4751,11968879.0,1.0,0.0
2022-11-16,130.758,132.9339,130.6714,132.5338,49061857.0,1.0,0.0
2022-11-17,129.9404,130.1144,128.4843,129.6118,37414178.0,1.0,0.0
2022-11-18,127.6315,128.2718,121.0281,121.9878,7152396.0,1.0,0.0
2022-11-21,120.0666,122.4005,119.6803,120.2844,44926392.0,1.0,0.0
2022-11-22,118.6552,119.3519,115.0342,116.4538,1310879.0,1.0,0.0
2022-11-23,114.3921,114.5131,111.4528,112.4083,28508848.0,1.0,0.0
2022-11-25,113.4568,115.2321,112.4012,114.7904,33570319.0,1.0,0.0
2022-11-28,115.138,116.6704,114.1664,116.1426,14775006.0,1.0,0.0
2022-11-29,113.6244,116.0021,113.0495,113.2694,12917291.0,1.0,0.0
2022-11-30,110.5711,111.7477,104.4276,106.4351,13070602.0,1.0,0.0
2022-12-01,106.0484,108.2994,104.262,108.0891,22310850.0,1.0,0.0
2022-12-02,107.9868,109.4122,107.7207,108.8933,21672066.0,1.0,0.0
2022-12-05,108.631,111.6068,108.614,110.0722,38370897.0,1.0,0.0
2022-12-06,106.9642,110.1118,106.4197,108.698,12252866.0,1.0,0.0
2022-12-07,106.1522,106.6317,103.759,104.4401,21456464.0,1.0,0.0
2022-12-08,108.2658,109.7726,107.4084,109.4047,43181330.0,1.0,0.0
2022-12-09,110.947,111.0232,107.6246,109.406,38955793.0,1.0,0.0
2022-12-12,110.4761,110.5131,108.1533,108.8997,46470555.0,1.0,0.0
2022-12-13,108.0631,110.6748,107.8996,110.6341,40353279.0,1.0,0.0
2022-12-14,110.128,111.0373,109.2397,110.8534,10227168.0,1.0,0.0
2022-12-15,110.906,113.6862,109.2815,111.7573,47186795.0,1.0,0.0
2022-12-16,112.5383,113.2325,109.5144,111.1605,34986280.0,1.0,0.0
2022-12-19,110.5396,111.8867,106.4,108.2898,49460814.0,1.0,0.0
2022-12-20,111.3698,112.7506,102.4503,103.5433,12385582.0,1.0,0.0
2022-12-21,103.5113,107.8463,103.4861,107.7402,6355147.0,1.0,0.0
2022-12-22,106.4201,110.3935,106.4171,109.949,12172624.0,1.0,0.0
2022-12-23,110.6809,113.9878,110.3884,112.2071,35830306.0,1.0,0.0
2022-12-27,115.4073,115.9536,113.7622,114.095,37062948.0,1.0,0.0
2022-12-28,112.1239,116.9553,111.4782,115.9117,1573948.0,1.0,0.0
2022-12-29,124.1565,125.9115,123.6892,125.454,17016515.0,1.0,0.0
2022-12-30,127.9374,134.7547,126.5215,130.8091,35886437.0,1.0,0.0
2023-01-03,132.7489,134.0158,132.3332,132.3809,13758142.0,1.0,0.0
2023-01-04,129.8835,130.6981,125.9054,127.3915,4801903.0,1.0,0.0
2023-01-05,127.4887,127.8611,126.6268,127.7597,19577546.0,1.0,0.0
2023-01-06,126.5409,129.1118,126.492,128.5819,17184750.0,1.0,0.0
2023-01-09,130.804,140.6987,130.4189,138.9494,49899887.0,1.0,0.0
2023-01-10,132.6739,137.2061,132.297,136.6023,47518037.0,1.0,0.0
2023-01-11,133.461,138.2942,133.2613,137.0319,47987782.0,1.0,0.0
2023-01-12,138.9061,139.0065,130.4968,131.7291,1014120.0,1.0,0.0
2023-01-13,129.9091,130.0596,128.2625,128.6883,10442693.0,1.0,0.0
2023-01-17,124.3611,128.9444,120.7108,123.398,36021475.0,1.0,0.0
2023-01-18,119.4036,120.2004,116.0014,118.0702,32619278.0,1.0,0.0
2023-01-19,120.6712,121.1323,117.7199,119.6914,37893424.0,1.0,0.0
2023-01-20,115.3817,117.4081,114.6533,116.4468,13758942.0,1.0,0.0
2023-01-23,117.8068,121.8682,115.2613,120.6919,10244179.0,1.0,0.0
2023-01-24,118.6041,120.8728,112.6013,114.5815,42471368.0,1.0,0.0
2023-01-25,115.1522,118.5347,113.6463,117.7499,39591828.0,1.0,0.0
2023-01-26,118.2773,118.9063,117.2026,118.7436,8467617.0,1.0,0.0
2023-01-27,122.2934,123.8562,119.8556,123.8317,5700800.0,1.0,0.0
2023-01-30,125.7791,126.1248,124.291,124.9056,25488508.0,1.0,0.0
2023-01-31,129.0236,130.1811,124.6084,127.4708,21711119.0,1.0,0.0
2023-02-01,121.3764,121.7369,119.4555,120.401,43850242.0,1.0,0.0
2023-02-02,122.1869,125.7093,121.6466,124.328,46278719.0,1.0,0.0
2023-02-03,123.9619,124.0157,122.2364,123.7687,22504751.0,1.0,0.0
2023-02-06,120.1514,120.577,113.2907,113.3852,2869464.0,1.0,0.0
2023-02-07,112.7285,112.9502,106.9411,108.8592,1500395.0,1.0,0.0
2023-02-08,111.261,111.8506,109.7608,110.7989,18026371.0,1.0,0.0
2023-02-09,111.5143,112.4115,110.1145,110.8148,47893991.0,1.0,0.0
2023-02-10,108.9833,109.7642,104.059,105.3275,49449826.0,1.0,0.0
2023-02-13,102.7227,105.1384,102.3563,105.0573,38009414.0,1.0,0.0
2023-02-14,104.6787,106.2658,103.2264,103.7245,23181142.0,1.0,0.0
2023-02-15,101.8078,102.3611,98.4433,98.4631,21877872.0,1.0,0.0
2023-02-16,97.9863,98.2736,97.3598,97.4231,13833839.0,1.0,0.0
2023-02-17,99.0252,102.7036,98.4443,101.4281,19439540.0,1.0,0.0
2023-02-21,97.3094,98.1614,96.9485,98.0795,2536440.0,1.0,0.0
2023-02-22,113.1206,113.4315,108.2687,109.6209,22730236.0,1.0,0.0
2023-02-23,108.955,110.1693,108.2947,108.5165,36475791.0,1.0,0.0
2023-02-24,98.2723,100.6413,97.6978,100.4529,27274338.0,1.0,0.0
2023-02-27,94.0548,97.0933,93.6309,96.7859,33376435.0,1.0,0.0
2023-02-28,100.3082,101.0398,98.882,99.5573,39752256.0,1.0,0.0
2023-03-01,92.5187,97.053,91.978,96.0977,25232078.0,1.0,0.0
2023-03-02,103.7886,105.2864,103.0489,104.762,35966573.0,1.0,0.0
2023-03-03,115.2541,115.3755,109.8717,111.1797,48198615.0,1.0,0.0
2023-03-06,113.0008,113.726,108.6993,110.3058,39171035.0,1.0,0.0
2023-03-07,110.8831,111.6965,105.2456,105.7234,14774727.0,1.0,0.0
2023-03-08,99.6498,100.3218,96.4579,97.2225,28870044.0,1.0,0.0
2023-03-09,98.8369,101.7388,98.3049,100.9073,14122347.0,1.0,0.0
2023-03-10,101.0358,102.1408,98.9874,99.3446,2991492.0,1.0,0.0
2023-03-13,96.7616,98.8478,96.381,98.2257,25896232.0,1.0,0.0
2023-03-14,94.0773,95.2079,89.7825,91.1456,19719449.0,1.0,0.0
2023-03-15,89.3334,90.9439,89.3321,90.3755,49585372.0,1.0,0.0
2023-03-16,89.2382,90.5575,88.0705,89.4552,1550388.0,1.0,0.0
2023-03-17,85.838,86.6456,82.6462,85.1163,20795293.0,1.0,0.0
2023-03-20,84.0043,84.3268,81.8253,82.4855,4407391.0,1.0,0.0
2023-03-21,88.5459,89.0446,85.4558,85.5454,5058233.0,1.0,0.0
2023-03-22,87.1837,92.7738,87.0864,92.4316,29978036.0,1.0,0.0
2023-03-23,91.8919,92.9474,90.7607,92.1389,5152691.0,1.0,0.0
2023-03-24,95.2612,97.6337,94.0768,96.9612,16490134.0,1.0,0.0
2023-03-27,91.5543,92.978,91.3284,92.2585,21526655.0,1.0,0.0
2023-03-28,88.469,88.7471,86.4226,86.7175,35583186.0,1.0,0.0
2023-03-29,76.6273,77.9712,76.0098,77.5593,18884234.0,1.0,0.0
2023-03-30,76.6278,77.3963,73.9633,75.0272,30693232.0,1.0,0.0
2023-03-31,78.192,78.2504,76.6185,77.6514,12070693.0,1.0,0.0
2023-04-03,83.0789,86.49,82.987,85.4925,7187159.0,1.0,0.0
2023-04-04,88.0368,90.5996,87.9959,89.2564,35918856.0,1.0,0.0
2023-04-05,89.2428,95.1862,88.8498,94.6535,37076062.0,1.0,0.0
2023-04-06,93.8219,94.1398,89.4411,89.7737,4737410.0,1.0,0.0
2023-04-10,85.5367,85.9657,82.695,83.2969,4742700.0,1.0,0.0
2023-04-11,86.283,91.3926,86.2397,91.3057,11648346.0,1.0,0.0
2023-04-12,90.7584,95.643,90.6719,95.5649,49766114.0,1.0,0.0
2023-04-13,93.649,94.0281,89.4022,89.4669,48297534.0,1.0,0.0
2023-04-14,86.9954,87.2187,85.2913,85.9582,49847641.0,1.0,0.0
2023-04-17,83.2012,83.271,80.8289,81.5169,37783710.0,1.0,0.0
2023-04-18,79.255,83.1913,78.956,82.3894,13523813.0,1.0,0.0
2023-04-19,81.1655,86.1616,80.8378,85.696,16905291.0,1.0,0.0
2023-04-20,82.6651,83.9719,82.4356,83.4408,46323405.0,1.0,0.0
2023-04-21,77.7358,78.6354,76.636,77.1861,39142814.0,1.0,0.0
2023-04-24,74.166,76.1802,73.8012,75.364,7150616.0,1.0,0.0
2023-04-25,74.6676,75.3378,73.1512,73.4228,17395315.0,1.0,0.0
2023-04-26,69.6765,70.0902,69.0844,69.6975,7133769.0,1.0,0.0
2023-04-27,75.8195,77.8028,75.2935,76.9307,37569185.0,1.0,0.0
2023-04-28,81.367,82.5308,80.1007,81.2218,11999923.0,1.0,0.0
2023-05-01,86.7011,91.2204,86.6738,90.6879,16527616.0,1.0,0.0
2023-05-02,94.2301,98.0615,93.5894,97.1354,38583425.0,1.0,0.0
2023-05-03,91.053,92.3025,88.2655,90.2747,9202293.0,1.0,0.0
2023-05-04,92.2026,93.138,92.0825,92.271,46368333.0,1.0,0.0
2023-05-05,89.9315,90.3285,81.8899,83.024,33803616.0,1.0,0.0
2023-05-08,83.6271,83.7037,81.4943,82.2765,41432776.0,1.0,0.0
2023-05-09,80.9743,82.1797,77.8577,78.0568,43880371.0,1.0,0.0
2023-05-10,74.231,75.9269,74.1916,74.9416,32383454.0,1.0,0.0
2023-05-11,78.8974,78.9867,77.7059,77.7356,16325119.0,1.0,0.0
2023-05-12,76.6682,80.7105,76.1194,80.3142,3873591.0,1.0,0.0
2023-05-15,79.4321,81.7002,78.8046,81.5727,36258000.0,1.0,0.0
2023-05-16,83.4978,84.1757,82.7374,82.984,9731767.0,1.0,0.0
2023-05-17,76.6896,78.7563,76.4959,77.278,25092126.0,1.0,0.0
2023-05-18,82.5617,83.4376,80.2319,81.1776,8524556.0,1.0,0.0
2023-05-19,80.3973,80.5522,79.0999,79.4034,37936436.0,1.0,0.0
2023-05-22,74.9025,75.5414,72.6586,72.6765,28461903.0,1.0,0.0
2023-05-23,72.0049,74.2316,70.649,73.1801,5593666.0,1.0,0.0
2023-05-24,71.4528,72.0472,69.2001,69.8479,15788188.0,1.0,0.0
2023-05-25,70.1521,71.7215,70.0641,71.4275,31112635.0,1.0,0.0
2023-05-26,69.4429,70.6228,68.4603,68.781,16378440.0,1.0,0.0
2023-05-30,67.8592,67.9714,66.1882,66.3697,8440889.0,1.0,0.0
2023-05-31,66.4331,69.8307,65.9925,69.2953,9520705.0,1.0,0.0
2023-06-01,69.6334,71.3122,69.6052,70.9372,6707174.0,1.0,0.0
2023-06-02,69.6734,70.6957,66.328,67.0824,36102176.0,1.0,0.0
2023-06-05,64.9715,67.1912,64.4227,66.9847,19055986.0,1.0,0.0
2023-06-06,66.9273,67.9999,65.0298,65.5374,43790936.0,1.0,0.0
2023-06-07,63.5261,63.7994,60.9237,61.011,43392023.0,1.0,0.0
2023-06-08,60.2332,60.3528,55.93,58.2874,24704294.0,1.0,0.0
2023-06-09,60.3326,61.9806,60.062,61.2672,30739480.0,1.0,0.0
2023-06-12,62.7789,65.4535,62.4468,64.1674,25625444.0,1.0,0.0
2023-06-13,63.8026,64.0222,60.8705,61.2134,4146683.0,1.0,0.0
2023-06-14,61.2498,61.449,57.7191,58.2192,47601514.0,1.0,0.0
2023-06-15,56.9179,58.3805,56.354,58.0145,39882025.0,1.0,0.0
2023-06-16,57.3286,57.8446,57.0291,57.2062,39431447.0,1.0,0.0
2023-06-20,57.5703,57.7576,56.8408,56.9901,9951682.0,1.0,0.0
2023-06-21,57.6837,58.7319,57.2517,58.4666,7908432.0,1.0,0.0
2023-06-22,60.6221,62.9635,59.9828,62.806,9679717.0,1.0,0.0
2023-06-23,60.345,60.8322,59.3306,59.388,32810353.0,1.0,0.0
2023-06-26,59.6661,61.6191,59.4985,61.4899,13277110.0,1.0,0.0
2023-06-27,60.8509,61.6019,60.5002,60.5204,32407124.0,1.0,0.0
2023-06-28,63.384,64.8483,63.2771,64.2063,22866236.0,1.0,0.0
2023-06-29,65.7003,67.8886,65.1002,67.2959,30420487.0,1.0,0.0
2023-06-30,64.891,65.6063,64.4893,64.7965,34946465.0,1.0,0.0
2023-07-03,64.0741,64.235,61.6073,61.9594,4052432.0,1.0,0.0
2023-07-05,61.279,62.0145,60.1763,60.2426,7826436.0,1.0,0.0
2023-07-06,57.6924,57.9569,54.6975,55.8156,36258217.0,1.0,0.0
2023-07-07,54.7772,55.5887,54.2066,54.2222,2840772.0,1.0,0.0
2023-07-10,50.1562,52.7348,50.1362,51.6502,29588712.0,1.0,0.0
2023-07-11,50.0895,51.0361,49.3419,50.9144,38145428.0,1.0,0.0
2023-07-12,46.7255,49.1811,45.9912,48.4506,46797259.0,1.0,0.0
2023-07-13,51.6657,52.8567,51.497,52.2621,46374973.0,1.0,0.0
2023-07-14,51.5123,54.945,51.4024,54.0986,35161973.0,1.0,0.0
2023-07-17,53.0982,55.1887,51.6234,54.5277,23748010.0,1.0,0.0
2023-07-18,56.0381,57.2295,55.6679,56.7659,12743190.0,1.0,0.0
2023-07-19,56.0099,60.8204,55.838,59.334,37511111.0,1.0,0.0
2023-07-20,59.6611,59.8725,58.0088,59.0564,49165228.0,1.0,0.0
2023-07-21,61.0461,62.2493,60.4146,61.476,9588227.0,1.0,0.0
2023-07-24,63.2672,63.5248,63.1431,63.2622,29814834.0,1.0,0.0
2023-07-25,64.735,68.6156,63.85,68.418,15049833.0,1.0,0.0
2023-07-26,69.1954,70.6454,67.2264,67.8978,15640844.0,1.0,0.0
2023-07-27,68.818,68.9128,68.0415,68.5075,44416513.0,1.0,0.0
2023-07-28,67.705,68.6058,65.112,65.5993,31479788.0,1.0,0.0
2023-07-31,66.0821,66.6644,65.0087,65.3574,47358129.0,1.0,0.0
2023-08-01,61.8349,65.7015,61.1445,65.6496,25232200.0,1.0,0.0
2023-08-02,65.0671,65.359,64.571,64.7088,10861365.0,1.0,0.0
2023-08-03,64.7239,66.0847,64.5788,65.5349,11928572.0,1.0,0.0
2023-08-04,65.2909,66.433,64.6301,66.2368,37367618.0,1.0,0.0
2023-08-07,66.9652,68.4922,66.5,68.0374,34566451.0,1.0,0.0
2023-08-08,66.7775,67.7355,64.9783,65.203,21297195.0,1.0,0.0
2023-08-09,63.1638,65.7429,62.5624,64.6839,48836418.0,1.0,0.0
2023-08-10,64.1731,66.5752,63.8992,65.8627,18151315.0,1.0,0.0
2023-08-11,66.2892,66.7679,65.8894,66.2764,38826205.0,1.0,0.0
2023-08-14,67.317,70.6485,67.2505,68.9161,14079994.0,1.0,0.0
2023-08-15,69.2118,73.9962,68.8747,73.6264,34462970.0,1.0,0.0
2023-08-16,75.2089,79.4309,74.6324,78.6219,12963413.0,1.0,0.0
2023-08-17,79.7653,80.7026,75.2916,75.4389,27435523.0,1.0,0.0
2023-08-18,75.9845,79.7807,75.5234,79.0503,47817222.0,1.0,0.0
2023-08-21,69.6884,72.6352,69.5965,71.8138,20903960.0,1.0,0.0
2023-08-22,72.3385,75.1172,72.2261,74.7722,10574694.0,1.0,0.0
2023-08-23,75.431,75.4777,73.763,74.3855,27941785.0,1.0,0.0
2023-08-24,75.9266,77.1258,74.4529,74.5349,11600049.0,1.0,0.0
2023-08-25,77.1902,81.0959,77.0313,80.818,40755949.0,1.0,0.0
2023-08-28,83.0996,84.0766,82.7029,83.4402,20299012.0,1.0,0.0
2023-08-29,83.6665,85.0375,82.0188,83.4095,14196213.0,1.0,0.0
2023-08-30,81.9467,82.0429,80.8219,81.2924,1199783.0,1.0,0.0
2023-08-31,80.6098,82.2586,79.7164,81.671,48999445.0,1.0,0.0
2023-09-01,82.3033,84.69,82.1841,84.2283,11908820.0,1.0,0.0
2023-09-05,83.7534,86.6817,82.5626,86.6683,11680845.0,1.0,0.0
2023-09-06,89.5381,90.0827,87.0463,87.3539,20694567.0,1.0,0.0
2023-09-07,86.8102,86.812,80.9044,81.2878,37875321.0,1.0,0.0
2023-09-08,80.343,82.0004,78.6734,81.8421,26136415.0,1.0,0.0
2023-09-11,78.3633,78.9793,77.3745,78.8301,18592866.0,1.0,0.0
2023-09-12,79.5065,83.8835,78.5851,82.0463,4114057.0,1.0,0.0
2023-09-13,81.469,81.9033,80.9336,81.2949,43469193.0,1.0,0.0
2023-09-14,81.3788,82.5374,80.0204,80.2597,2522236.0,1.0,0.0
2023-09-15,83.0226,83.997,79.298,79.7214,10388898.0,1.0,0.0
2023-09-18,77.4375,78.7955,76.2325,78.682,21867542.0,1.0,0.0
2023-09-19,80.9722,82.581,80.092,82.3913,38987552.0,1.0,0.0
2023-09-20,80.3332,81.7082,80.1104,81.3989,13687305.0,1.0,0.0
2023-09-21,84.9232,85.6215,84.8142,85.4241,30790358.0,1.0,0.0
2023-09-22,84.3827,85.7596,83.3827,84.1812,41574171.0,1.0,0.0
2023-09-25,88.8907,94.1398,88.8318,92.9873,34685556.0,1.0,0.0
2023-09-26,93.6853,98.7351,93.3471,98.3611,46637990.0,1.0,0.0
2023-09-27,97.761,101.0833,97.322,100.0038,32092329.0,1.0,0.0
2023-09-28,100.8666,101.6076,99.824,99.8708,25585835.0,1.0,0.0
2023-09-29,101.4625,103.4807,101.2669,102.2532,13489395.0,1.0,0.0
2023-10-02,101.4952,103.0034,100.7654,101.7594,8918880.0,1.0,0.0
2023-10-03,101.2414,101.5408,96.9796,97.6642,1530098.0,1.0,0.0
2023-10-04,101.6094,101.648,101.2113,101.2795,47924132.0,1.0,0.0
2023-10-05,101.7313,105.249,99.525,104.0759,44708456.0,1.0,0.0
2023-10-06,102.0458,103.063,100.4912,100.9165,36436322.0,1.0,0.0
2023-10-09,96.1817,98.1823,95.8871,98.0217,10007680.0,1.0,0.0
2023-10-10,92.4503,99.0197,92.2821,97.7385,24494858.0,1.0,0.0
2023-10-11,99.0087,99.4849,98.1615,99.457,4456689.0,1.0,0.0
2023-10-12,97.1411,97.1603,96.3806,96.7541,6456521.0,1.0,0.0
2023-10-13,90.0804,90.1007,87.5688,87.7927,24266878.0,1.0,0.0
2023-10-16,86.4336,86.5233,83.5154,83.9246,35220718.0,1.0,0.0
2023-10-17,83.7371,85.6667,83.0284,84.8596,12825423.0,1.0,0.0
2023-10-18,88.661,92.1121,87.5069,91.0447,6439265.0,1.0,0.0
2023-10-19,99.6316,103.4653,98.7597,103.3789,29192432.0,1.0,0.0
2023-10-20,105.36,108.4862,104.6938,108.1154,42290178.0,1.0,0.0
2023-10-23,110.5708,110.7322,108.3858,108.9097,13270062.0,1.0,0.0
2023-10-24,104.699,106.932,103.8638,106.6527,46732379.0,1.0,0.0
2023-10-25,99.1939,101.7377,99.1681,100.6709,2570671.0,1.0,0.0
2023-10-26,100.6834,100.928,98.7102,99.0018,13967989.0,1.0,0.0
2023-10-27,101.5575,101.6391,99.6643,100.2409,9298018.0,1.0,0.0
2023-10-30,97.2065,97.4095,95.7205,96.7327,46595404.0,1.0,0.0
2023-10-31,97.7394,98.6047,95.9111,96.838,35948371.0,1.0,0.0
2023-11-01,100.4455,100.7876,99.8462,99.8812,35797600.0,1.0,0.0
2023-11-02,95.9152,96.9558,93.9268,94.1491,20561756.0,1.0,0.0
2023-11-03,95.9666,97.8517,95.7526,96.7602,17596500.0,1.0,0.0
2023-11-06,95.5411,99.6057,94.998,99.5568,12610555.0,1.0,0.0
2023-11-07,99.291,100.3254,98.2585,99.8445,5868138.0,1.0,0.0
2023-11-08,104.0106,104.4199,102.9879,103.349,45678964.0,1.0,0.0
2023-11-09,105.3883,107.3046,104.8016,106.2927,25890678.0,1.0,0.0
2023-11-10,107.4277,110.3006,105.0413,110.0518,38236128.0,1.0,0.0
2023-11-13,111.5087,112.0002,108.6487,110.8853,3999216.0,1.0,0.0
2023-11-14,106.905,111.9222,106.3809,111.7202,43791854.0,1.0,0.0
2023-11-15,115.1187,118.5444,113.4083,118.384,17071869.0,1.0,0.0
2023-11-16,120.0633,120.8892,117.6123,118.0979,9799423.0,1.0,0.0
2023-11-17,121.6694,123.3259,120.2845,120.3882,32435179.0,1.0,0.0
2023-11-20,119.0071,120.7596,118.4182,118.6802,6731922.0,1.0,0.0
2023-11-21,120.2616,121.8992,120.1424,121.8727,46443167.0,1.0,0.0
2023-11-22,121.6522,122.6188,119.9196,122.4479,11095028.0,1.0,0.0
2023-11-24,121.489,121.9703,117.4672,119.1383,11616253.0,1.0,0.0
2023-11-27,123.4866,124.6233,119.95,121.208,7140825.0,1.0,0.0
2023-11-28,120.6605,120.706,118.3923,118.53,28187740.0,1.0,0.0
2023-11-29,117.4855,117.6589,110.9876,112.3894,7071090.0,1.0,0.0
2023-11-30,111.6417,113.9139,111.1334,113.443,21197132.0,1.0,0.0
2023-12-01,114.2263,115.3487,112.9193,112.9708,29353614.0,1.0,0.0
2023-12-04,111.5529,118.9655,110.8115,118.1263,21790730.0,1.0,0.0
2023-12-05,116.3042,117.6019,111.8962,113.1215,12271316.0,1.0,0.0
2023-12-06,109.7329,118.1454,108.0576,116.7909,40527598.0,1.0,0.0
2023-12-07,115.705,116.2705,113.6119,114.0074,11089969.0,1.0,0.0
2023-12-08,113.6859,114.3738,112.9193,114.1324,30696828.0,1.0,0.0
2023-12-11,114.8795,115.7055,114.8756,115.3362,11188173.0,1.0,0.0
2023-12-12,115.6601,117.1895,110.0152,111.3969,35703405.0,1.0,0.0
2023-12-13,115.1081,120.7742,115.0454,120.2294,8792801.0,1.0,0.0
2023-12-14,121.5467,123.6507,121.2622,123.528,23428274.0,1.0,0.0
2023-12-15,124.3045,128.8845,123.6406,128.8758,14090234.0,1.0,0.0
2023-12-18,128.0248,130.2262,125.7416,128.4084,18696898.0,1.0,0.0
2023-12-19,122.4444,125.4809,121.1819,124.12,29655586.0,1.0,0.0
2023-12-20,124.9156,127.4254,123.1022,125.2035,15186698.0,1.0,0.0
2023-12-21,127.0397,131.7452,125.9498,130.0281,28139038.0,1.0,0.0
2023-12-22,127.8173,130.0642,126.0541,129.9474,36482466.0,1.0,0.0
2023-12-26,131.4918,132.3516,122.1,122.4628,8107210.0,1.0,0.0
2023-12-27,125.3736,126.2795,123.3903,123.9596,6556689.0,1.0,0.0
2023-12-28,126.7257,132.06,125.6442,128.0295,31246342.0,1.0,0.0
2023-12-29,129.1005,129.9366,127.8504,128.1713,19202431.0,1.0,0.0
